iter	RMSE
0	3182.602301
1	1240.12106
2	726.7500032
3	6708.806764
4	2302.451583
5	1291.480054
6	9361.053082
7	3385.995952
8	1732.830464
9	13858.33428
10	4828.531832
11	2181.210818
12	17772.90212
13	6960.372363
14	2930.434303
15	1130.924993
16	425.0397152
17	156.1629123
18	2371.263252
19	827.9017868
20	420.5015067
21	3428.257099
22	1240.392045
23	576.7302605
